country_region_cn,country_region_en,demand_region_code,demand_region_cn,demand_region_en,priority_rate_cny_per_kg,economy_rate_cny_per_kg,minimum_cny_per_shipment,source,effective_date,review_status,notes
阿富汗,Afghanistan,MEISA_1,中东/印度次大陆/非洲区 第 1 组,"Middle East, Indian Subcontinent and Africa",11.2,11.2,1.8,需求附加费-2026.9.2生效.pdf,2026-09-02,OK,Matched from the verified demand-region mapping and the 2026-09-02 PDF first-page rates.
阿尔巴尼亚,Albania,EUROPE,欧洲区,Europe,8.0,8.0,1.8,需求附加费-2026.9.2生效.pdf,2026-09-02,OK,Matched from the verified demand-region mapping and the 2026-09-02 PDF first-page rates.
阿尔及利亚,Algeria,MEISA_2,中东/印度次大陆/非洲区 第 2 组,"Middle East, Indian Subcontinent and Africa",17.4,17.4,1.8,需求附加费-2026.9.2生效.pdf,2026-09-02,OK,Matched from the verified demand-region mapping and the 2026-09-02 PDF first-page rates.
美属萨摩亚岛,American Samoa,ASIA,亚洲区,Asia,1.3,1.3,1.8,需求附加费-2026.9.2生效.pdf,2026-09-02,OK,Matched from the verified demand-region mapping and the 2026-09-02 PDF first-page rates.
安道尔,Andorra,EUROPE,欧洲区,Europe,8.0,8.0,1.8,需求附加费-2026.9.2生效.pdf,2026-09-02,OK,Matched from the verified demand-region mapping and the 2026-09-02 PDF first-page rates.
安哥拉,Angola,MEISA_2,中东/印度次大陆/非洲区 第 2 组,"Middle East, Indian Subcontinent and Africa",17.4,17.4,1.8,需求附加费-2026.9.2生效.pdf,2026-09-02,OK,Matched from the verified demand-region mapping and the 2026-09-02 PDF first-page rates.
安圭拉,Anguilla,LAC,拉丁美洲区,Latin America,5.4,4.0,1.8,需求附加费-2026.9.2生效.pdf,2026-09-02,OK,Matched from the verified demand-region mapping and the 2026-09-02 PDF first-page rates.
Antigua & Barbuda,Antigua & Barbuda,LAC,拉丁美洲区,Latin America,5.4,4.0,1.8,需求附加费-2026.9.2生效.pdf,2026-09-02,OK,Matched from the verified demand-region mapping and the 2026-09-02 PDF first-page rates.
阿根廷,Argentina,LAC,拉丁美洲区,Latin America,5.4,4.0,1.8,需求附加费-2026.9.2生效.pdf,2026-09-02,OK,Matched from the verified demand-region mapping and the 2026-09-02 PDF first-page rates.
亚美尼亚,Armenia,EUROPE,欧洲区,Europe,8.0,8.0,1.8,需求附加费-2026.9.2生效.pdf,2026-09-02,OK,Matched from the verified demand-region mapping and the 2026-09-02 PDF first-page rates.
阿鲁巴,Aruba,LAC,拉丁美洲区,Latin America,5.4,4.0,1.8,需求附加费-2026.9.2生效.pdf,2026-09-02,OK,Matched from the verified demand-region mapping and the 2026-09-02 PDF first-page rates.
澳大利亚,Australia,AUNZ,澳大利亚、新西兰,Australia and New Zealand,2.1,2.1,1.8,需求附加费-2026.9.2生效.pdf,2026-09-02,OK,Matched from the verified demand-region mapping and the 2026-09-02 PDF first-page rates.
奥地利,Austria,EUROPE,欧洲区,Europe,8.0,8.0,1.8,需求附加费-2026.9.2生效.pdf,2026-09-02,OK,Matched from the verified demand-region mapping and the 2026-09-02 PDF first-page rates.
阿塞拜疆,Azerbaijan,EUROPE,欧洲区,Europe,8.0,8.0,1.8,需求附加费-2026.9.2生效.pdf,2026-09-02,OK,Matched from the verified demand-region mapping and the 2026-09-02 PDF first-page rates.
Bahama,Bahama,LAC,拉丁美洲区,Latin America,5.4,4.0,1.8,需求附加费-2026.9.2生效.pdf,2026-09-02,OK,Matched from the verified demand-region mapping and the 2026-09-02 PDF first-page rates.
巴林,Bahrain,MEISA_1,中东/印度次大陆/非洲区 第 1 组,"Middle East, Indian Subcontinent and Africa",11.2,11.2,1.8,需求附加费-2026.9.2生效.pdf,2026-09-02,OK,Matched from the verified demand-region mapping and the 2026-09-02 PDF first-page rates.
孟加拉国,Bangladesh,MEISA_1,中东/印度次大陆/非洲区 第 1 组,"Middle East, Indian Subcontinent and Africa",11.2,11.2,1.8,需求附加费-2026.9.2生效.pdf,2026-09-02,OK,Matched from the verified demand-region mapping and the 2026-09-02 PDF first-page rates.
巴巴多斯,Barbados,LAC,拉丁美洲区,Latin America,5.4,4.0,1.8,需求附加费-2026.9.2生效.pdf,2026-09-02,OK,Matched from the verified demand-region mapping and the 2026-09-02 PDF first-page rates.
白俄罗斯,Belarus,EUROPE,欧洲区,Europe,8.0,8.0,1.8,需求附加费-2026.9.2生效.pdf,2026-09-02,OK,Matched from the verified demand-region mapping and the 2026-09-02 PDF first-page rates.
比利时,Belgium,EUROPE,欧洲区,Europe,8.0,8.0,1.8,需求附加费-2026.9.2生效.pdf,2026-09-02,OK,Matched from the verified demand-region mapping and the 2026-09-02 PDF first-page rates.
伯利兹,Belize,LAC,拉丁美洲区,Latin America,5.4,4.0,1.8,需求附加费-2026.9.2生效.pdf,2026-09-02,OK,Matched from the verified demand-region mapping and the 2026-09-02 PDF first-page rates.
贝宁,Benin,MEISA_2,中东/印度次大陆/非洲区 第 2 组,"Middle East, Indian Subcontinent and Africa",17.4,17.4,1.8,需求附加费-2026.9.2生效.pdf,2026-09-02,OK,Matched from the verified demand-region mapping and the 2026-09-02 PDF first-page rates.
百慕大,Bermuda,LAC,拉丁美洲区,Latin America,5.4,4.0,1.8,需求附加费-2026.9.2生效.pdf,2026-09-02,OK,Matched from the verified demand-region mapping and the 2026-09-02 PDF first-page rates.
不丹,Bhutan,MEISA_1,中东/印度次大陆/非洲区 第 1 组,"Middle East, Indian Subcontinent and Africa",11.2,11.2,1.8,需求附加费-2026.9.2生效.pdf,2026-09-02,OK,Matched from the verified demand-region mapping and the 2026-09-02 PDF first-page rates.
玻利维亚,Bolivia,LAC,拉丁美洲区,Latin America,5.4,4.0,1.8,需求附加费-2026.9.2生效.pdf,2026-09-02,OK,Matched from the verified demand-region mapping and the 2026-09-02 PDF first-page rates.
博奈尔,Bonaire,LAC,拉丁美洲区,Latin America,5.4,4.0,1.8,需求附加费-2026.9.2生效.pdf,2026-09-02,OK,Matched from the verified demand-region mapping and the 2026-09-02 PDF first-page rates.
波斯尼亚和黑塞哥维那,Bosnia-Herzegovina Bosnia- Herzegovina,EUROPE,欧洲区,Europe,8.0,8.0,1.8,需求附加费-2026.9.2生效.pdf,2026-09-02,OK,Matched from the verified demand-region mapping and the 2026-09-02 PDF first-page rates.
博茨瓦纳,Botswana,MEISA_2,中东/印度次大陆/非洲区 第 2 组,"Middle East, Indian Subcontinent and Africa",17.4,17.4,1.8,需求附加费-2026.9.2生效.pdf,2026-09-02,OK,Matched from the verified demand-region mapping and the 2026-09-02 PDF first-page rates.
巴西,Brazil,LAC,拉丁美洲区,Latin America,5.4,4.0,1.8,需求附加费-2026.9.2生效.pdf,2026-09-02,OK,Matched from the verified demand-region mapping and the 2026-09-02 PDF first-page rates.
英属维尔京群岛,British Virgin Islands,LAC,拉丁美洲区,Latin America,5.4,4.0,1.8,需求附加费-2026.9.2生效.pdf,2026-09-02,OK,Matched from the verified demand-region mapping and the 2026-09-02 PDF first-page rates.
文莱,Brunei,ASIA,亚洲区,Asia,1.3,1.3,1.8,需求附加费-2026.9.2生效.pdf,2026-09-02,OK,Matched from the verified demand-region mapping and the 2026-09-02 PDF first-page rates.
保加利亚,Bulgaria,EUROPE,欧洲区,Europe,8.0,8.0,1.8,需求附加费-2026.9.2生效.pdf,2026-09-02,OK,Matched from the verified demand-region mapping and the 2026-09-02 PDF first-page rates.
布基纳法索,Burkina Faso,MEISA_2,中东/印度次大陆/非洲区 第 2 组,"Middle East, Indian Subcontinent and Africa",17.4,17.4,1.8,需求附加费-2026.9.2生效.pdf,2026-09-02,OK,Matched from the verified demand-region mapping and the 2026-09-02 PDF first-page rates.
布隆迪,Burundi,MEISA_2,中东/印度次大陆/非洲区 第 2 组,"Middle East, Indian Subcontinent and Africa",17.4,17.4,1.8,需求附加费-2026.9.2生效.pdf,2026-09-02,OK,Matched from the verified demand-region mapping and the 2026-09-02 PDF first-page rates.
柬埔寨,Cambodia,ASIA,亚洲区,Asia,1.3,1.3,1.8,需求附加费-2026.9.2生效.pdf,2026-09-02,OK,Matched from the verified demand-region mapping and the 2026-09-02 PDF first-page rates.
喀麦隆,Cameroon,MEISA_2,中东/印度次大陆/非洲区 第 2 组,"Middle East, Indian Subcontinent and Africa",17.4,17.4,1.8,需求附加费-2026.9.2生效.pdf,2026-09-02,OK,Matched from the verified demand-region mapping and the 2026-09-02 PDF first-page rates.
加拿大,Canada,CANADA,加拿大,Canada,5.4,4.0,1.8,需求附加费-2026.9.2生效.pdf,2026-09-02,OK,Matched from the verified demand-region mapping and the 2026-09-02 PDF first-page rates.
佛得角,Cape Verde,MEISA_2,中东/印度次大陆/非洲区 第 2 组,"Middle East, Indian Subcontinent and Africa",17.4,17.4,1.8,需求附加费-2026.9.2生效.pdf,2026-09-02,OK,Matched from the verified demand-region mapping and the 2026-09-02 PDF first-page rates.
开曼群岛,Cayman Islands,LAC,拉丁美洲区,Latin America,5.4,4.0,1.8,需求附加费-2026.9.2生效.pdf,2026-09-02,OK,Matched from the verified demand-region mapping and the 2026-09-02 PDF first-page rates.
乍得,Chad,MEISA_2,中东/印度次大陆/非洲区 第 2 组,"Middle East, Indian Subcontinent and Africa",17.4,17.4,1.8,需求附加费-2026.9.2生效.pdf,2026-09-02,OK,Matched from the verified demand-region mapping and the 2026-09-02 PDF first-page rates.
智利,Chile,LAC,拉丁美洲区,Latin America,5.4,4.0,1.8,需求附加费-2026.9.2生效.pdf,2026-09-02,OK,Matched from the verified demand-region mapping and the 2026-09-02 PDF first-page rates.
哥伦比亚,Colombia,LAC,拉丁美洲区,Latin America,5.4,4.0,1.8,需求附加费-2026.9.2生效.pdf,2026-09-02,OK,Matched from the verified demand-region mapping and the 2026-09-02 PDF first-page rates.
刚果,Congo,MEISA_2,中东/印度次大陆/非洲区 第 2 组,"Middle East, Indian Subcontinent and Africa",17.4,17.4,1.8,需求附加费-2026.9.2生效.pdf,2026-09-02,OK,Matched from the verified demand-region mapping and the 2026-09-02 PDF first-page rates.
库克群岛,Cook Islands,ASIA,亚洲区,Asia,1.3,1.3,1.8,需求附加费-2026.9.2生效.pdf,2026-09-02,OK,Matched from the verified demand-region mapping and the 2026-09-02 PDF first-page rates.
哥斯达黎加,Costa Rica,LAC,拉丁美洲区,Latin America,5.4,4.0,1.8,需求附加费-2026.9.2生效.pdf,2026-09-02,OK,Matched from the verified demand-region mapping and the 2026-09-02 PDF first-page rates.
克罗地亚,Croatia,EUROPE,欧洲区,Europe,8.0,8.0,1.8,需求附加费-2026.9.2生效.pdf,2026-09-02,OK,Matched from the verified demand-region mapping and the 2026-09-02 PDF first-page rates.
库拉索,Curacao,LAC,拉丁美洲区,Latin America,5.4,4.0,1.8,需求附加费-2026.9.2生效.pdf,2026-09-02,OK,Matched from the verified demand-region mapping and the 2026-09-02 PDF first-page rates.
塞浦路斯,Cyprus,EUROPE,欧洲区,Europe,8.0,8.0,1.8,需求附加费-2026.9.2生效.pdf,2026-09-02,OK,Matched from the verified demand-region mapping and the 2026-09-02 PDF first-page rates.
捷克共和国,Czech Republic,EUROPE,欧洲区,Europe,8.0,8.0,1.8,需求附加费-2026.9.2生效.pdf,2026-09-02,OK,Matched from the verified demand-region mapping and the 2026-09-02 PDF first-page rates.
Côte D'ivoire (Ivory Coast),Côte D'ivoire (Ivory Coast),MEISA_2,中东/印度次大陆/非洲区 第 2 组,"Middle East, Indian Subcontinent and Africa",17.4,17.4,1.8,需求附加费-2026.9.2生效.pdf,2026-09-02,OK,Matched from the verified demand-region mapping and the 2026-09-02 PDF first-page rates.
刚果民主共和国,Democratic Republic of the Congo,MEISA_2,中东/印度次大陆/非洲区 第 2 组,"Middle East, Indian Subcontinent and Africa",17.4,17.4,1.8,需求附加费-2026.9.2生效.pdf,2026-09-02,OK,Matched from the verified demand-region mapping and the 2026-09-02 PDF first-page rates.
丹麦,Denmark,EUROPE,欧洲区,Europe,8.0,8.0,1.8,需求附加费-2026.9.2生效.pdf,2026-09-02,OK,Matched from the verified demand-region mapping and the 2026-09-02 PDF first-page rates.
吉布提,Djibouti,MEISA_2,中东/印度次大陆/非洲区 第 2 组,"Middle East, Indian Subcontinent and Africa",17.4,17.4,1.8,需求附加费-2026.9.2生效.pdf,2026-09-02,OK,Matched from the verified demand-region mapping and the 2026-09-02 PDF first-page rates.
多米尼加,Dominica,LAC,拉丁美洲区,Latin America,5.4,4.0,1.8,需求附加费-2026.9.2生效.pdf,2026-09-02,OK,Matched from the verified demand-region mapping and the 2026-09-02 PDF first-page rates.
多米尼加共和国,Dominican Republic,LAC,拉丁美洲区,Latin America,5.4,4.0,1.8,需求附加费-2026.9.2生效.pdf,2026-09-02,OK,Matched from the verified demand-region mapping and the 2026-09-02 PDF first-page rates.
East Timor,East Timor,ASIA,亚洲区,Asia,1.3,1.3,1.8,需求附加费-2026.9.2生效.pdf,2026-09-02,OK,Matched from the verified demand-region mapping and the 2026-09-02 PDF first-page rates.
厄瓜多尔,Ecuador,LAC,拉丁美洲区,Latin America,5.4,4.0,1.8,需求附加费-2026.9.2生效.pdf,2026-09-02,OK,Matched from the verified demand-region mapping and the 2026-09-02 PDF first-page rates.
埃及,Egypt,MEISA_1,中东/印度次大陆/非洲区 第 1 组,"Middle East, Indian Subcontinent and Africa",11.2,11.2,1.8,需求附加费-2026.9.2生效.pdf,2026-09-02,OK,Matched from the verified demand-region mapping and the 2026-09-02 PDF first-page rates.
萨尔瓦多,El Salvador,LAC,拉丁美洲区,Latin America,5.4,4.0,1.8,需求附加费-2026.9.2生效.pdf,2026-09-02,OK,Matched from the verified demand-region mapping and the 2026-09-02 PDF first-page rates.
厄立特里亚,Eritrea,MEISA_2,中东/印度次大陆/非洲区 第 2 组,"Middle East, Indian Subcontinent and Africa",17.4,17.4,1.8,需求附加费-2026.9.2生效.pdf,2026-09-02,OK,Matched from the verified demand-region mapping and the 2026-09-02 PDF first-page rates.
爱沙尼亚,Estonia,EUROPE,欧洲区,Europe,8.0,8.0,1.8,需求附加费-2026.9.2生效.pdf,2026-09-02,OK,Matched from the verified demand-region mapping and the 2026-09-02 PDF first-page rates.
埃塞俄比亚,Ethiopia,MEISA_2,中东/印度次大陆/非洲区 第 2 组,"Middle East, Indian Subcontinent and Africa",17.4,17.4,1.8,需求附加费-2026.9.2生效.pdf,2026-09-02,OK,Matched from the verified demand-region mapping and the 2026-09-02 PDF first-page rates.
法罗群岛,Faeroe Islands,EUROPE,欧洲区,Europe,8.0,8.0,1.8,需求附加费-2026.9.2生效.pdf,2026-09-02,OK,Matched from the verified demand-region mapping and the 2026-09-02 PDF first-page rates.
斐济,Fiji,ASIA,亚洲区,Asia,1.3,1.3,1.8,需求附加费-2026.9.2生效.pdf,2026-09-02,OK,Matched from the verified demand-region mapping and the 2026-09-02 PDF first-page rates.
芬兰,Finland,EUROPE,欧洲区,Europe,8.0,8.0,1.8,需求附加费-2026.9.2生效.pdf,2026-09-02,OK,Matched from the verified demand-region mapping and the 2026-09-02 PDF first-page rates.
法国,France,EUROPE,欧洲区,Europe,8.0,8.0,1.8,需求附加费-2026.9.2生效.pdf,2026-09-02,OK,Matched from the verified demand-region mapping and the 2026-09-02 PDF first-page rates.
法属圭亚纳,French Guiana,LAC,拉丁美洲区,Latin America,5.4,4.0,1.8,需求附加费-2026.9.2生效.pdf,2026-09-02,OK,Matched from the verified demand-region mapping and the 2026-09-02 PDF first-page rates.
法属玻利尼西亚,French Polynesia,ASIA,亚洲区,Asia,1.3,1.3,1.8,需求附加费-2026.9.2生效.pdf,2026-09-02,OK,Matched from the verified demand-region mapping and the 2026-09-02 PDF first-page rates.
加蓬,Gabon,MEISA_2,中东/印度次大陆/非洲区 第 2 组,"Middle East, Indian Subcontinent and Africa",17.4,17.4,1.8,需求附加费-2026.9.2生效.pdf,2026-09-02,OK,Matched from the verified demand-region mapping and the 2026-09-02 PDF first-page rates.
冈比亚,Gambia,MEISA_2,中东/印度次大陆/非洲区 第 2 组,"Middle East, Indian Subcontinent and Africa",17.4,17.4,1.8,需求附加费-2026.9.2生效.pdf,2026-09-02,OK,Matched from the verified demand-region mapping and the 2026-09-02 PDF first-page rates.
格鲁吉亚,Georgia,EUROPE,欧洲区,Europe,8.0,8.0,1.8,需求附加费-2026.9.2生效.pdf,2026-09-02,OK,Matched from the verified demand-region mapping and the 2026-09-02 PDF first-page rates.
德国,Germany,EUROPE,欧洲区,Europe,8.0,8.0,1.8,需求附加费-2026.9.2生效.pdf,2026-09-02,OK,Matched from the verified demand-region mapping and the 2026-09-02 PDF first-page rates.
加纳,Ghana,MEISA_2,中东/印度次大陆/非洲区 第 2 组,"Middle East, Indian Subcontinent and Africa",17.4,17.4,1.8,需求附加费-2026.9.2生效.pdf,2026-09-02,OK,Matched from the verified demand-region mapping and the 2026-09-02 PDF first-page rates.
直布罗陀,Gibraltar,EUROPE,欧洲区,Europe,8.0,8.0,1.8,需求附加费-2026.9.2生效.pdf,2026-09-02,OK,Matched from the verified demand-region mapping and the 2026-09-02 PDF first-page rates.
希腊,Greece,EUROPE,欧洲区,Europe,8.0,8.0,1.8,需求附加费-2026.9.2生效.pdf,2026-09-02,OK,Matched from the verified demand-region mapping and the 2026-09-02 PDF first-page rates.
格陵兰,Greenland,EUROPE,欧洲区,Europe,8.0,8.0,1.8,需求附加费-2026.9.2生效.pdf,2026-09-02,OK,Matched from the verified demand-region mapping and the 2026-09-02 PDF first-page rates.
Grenada,Grenada,LAC,拉丁美洲区,Latin America,5.4,4.0,1.8,需求附加费-2026.9.2生效.pdf,2026-09-02,OK,Matched from the verified demand-region mapping and the 2026-09-02 PDF first-page rates.
Guadeloupe,Guadeloupe,LAC,拉丁美洲区,Latin America,5.4,4.0,1.8,需求附加费-2026.9.2生效.pdf,2026-09-02,OK,Matched from the verified demand-region mapping and the 2026-09-02 PDF first-page rates.
关岛,Guam,GUAM_JAPAN,关岛、日本,Guam and Japan,2.1,2.1,1.8,需求附加费-2026.9.2生效.pdf,2026-09-02,OK,Matched from the verified demand-region mapping and the 2026-09-02 PDF first-page rates.
危地马拉,Guatemala,LAC,拉丁美洲区,Latin America,5.4,4.0,1.8,需求附加费-2026.9.2生效.pdf,2026-09-02,OK,Matched from the verified demand-region mapping and the 2026-09-02 PDF first-page rates.
几内亚,Guinea,MEISA_2,中东/印度次大陆/非洲区 第 2 组,"Middle East, Indian Subcontinent and Africa",17.4,17.4,1.8,需求附加费-2026.9.2生效.pdf,2026-09-02,OK,Matched from the verified demand-region mapping and the 2026-09-02 PDF first-page rates.
圭亚那,Guyana,LAC,拉丁美洲区,Latin America,5.4,4.0,1.8,需求附加费-2026.9.2生效.pdf,2026-09-02,OK,Matched from the verified demand-region mapping and the 2026-09-02 PDF first-page rates.
海地,Haiti,LAC,拉丁美洲区,Latin America,5.4,4.0,1.8,需求附加费-2026.9.2生效.pdf,2026-09-02,OK,Matched from the verified demand-region mapping and the 2026-09-02 PDF first-page rates.
洪都拉斯,Honduras,LAC,拉丁美洲区,Latin America,5.4,4.0,1.8,需求附加费-2026.9.2生效.pdf,2026-09-02,OK,Matched from the verified demand-region mapping and the 2026-09-02 PDF first-page rates.
中国香港特别行政区,"Hong Kong SAR, China",ASIA,亚洲区,Asia,1.3,1.3,1.8,需求附加费-2026.9.2生效.pdf,2026-09-02,OK,Matched from the verified demand-region mapping and the 2026-09-02 PDF first-page rates.
匈牙利,Hungary,EUROPE,欧洲区,Europe,8.0,8.0,1.8,需求附加费-2026.9.2生效.pdf,2026-09-02,OK,Matched from the verified demand-region mapping and the 2026-09-02 PDF first-page rates.
冰岛,Iceland,EUROPE,欧洲区,Europe,8.0,8.0,1.8,需求附加费-2026.9.2生效.pdf,2026-09-02,OK,Matched from the verified demand-region mapping and the 2026-09-02 PDF first-page rates.
印度,India,INDIA,印度,India,0.0,0.0,1.8,需求附加费-2026.9.2生效.pdf,2026-09-02,OK,Matched from the verified demand-region mapping and the 2026-09-02 PDF first-page rates.
印度尼西亚,Indonesia,ASIA,亚洲区,Asia,1.3,1.3,1.8,需求附加费-2026.9.2生效.pdf,2026-09-02,OK,Matched from the verified demand-region mapping and the 2026-09-02 PDF first-page rates.
伊拉克,Iraq,MEISA_2,中东/印度次大陆/非洲区 第 2 组,"Middle East, Indian Subcontinent and Africa",17.4,17.4,1.8,需求附加费-2026.9.2生效.pdf,2026-09-02,OK,Matched from the verified demand-region mapping and the 2026-09-02 PDF first-page rates.
爱尔兰,Ireland,EUROPE,欧洲区,Europe,8.0,8.0,1.8,需求附加费-2026.9.2生效.pdf,2026-09-02,OK,Matched from the verified demand-region mapping and the 2026-09-02 PDF first-page rates.
以色列,Israel,ISRAEL,以色列,Israel,8.0,8.0,1.8,需求附加费-2026.9.2生效.pdf,2026-09-02,OK,Matched from the verified demand-region mapping and the 2026-09-02 PDF first-page rates.
意大利,Italy,EUROPE,欧洲区,Europe,8.0,8.0,1.8,需求附加费-2026.9.2生效.pdf,2026-09-02,OK,Matched from the verified demand-region mapping and the 2026-09-02 PDF first-page rates.
牙买加,Jamaica,LAC,拉丁美洲区,Latin America,5.4,4.0,1.8,需求附加费-2026.9.2生效.pdf,2026-09-02,OK,Matched from the verified demand-region mapping and the 2026-09-02 PDF first-page rates.
日本,Japan,GUAM_JAPAN,关岛、日本,Guam and Japan,2.1,2.1,1.8,需求附加费-2026.9.2生效.pdf,2026-09-02,OK,Matched from the verified demand-region mapping and the 2026-09-02 PDF first-page rates.
约旦,Jordan,MEISA_1,中东/印度次大陆/非洲区 第 1 组,"Middle East, Indian Subcontinent and Africa",11.2,11.2,1.8,需求附加费-2026.9.2生效.pdf,2026-09-02,OK,Matched from the verified demand-region mapping and the 2026-09-02 PDF first-page rates.
哈萨克斯坦,Kazakhstan,MEISA_2,中东/印度次大陆/非洲区 第 2 组,"Middle East, Indian Subcontinent and Africa",17.4,17.4,1.8,需求附加费-2026.9.2生效.pdf,2026-09-02,OK,Matched from the verified demand-region mapping and the 2026-09-02 PDF first-page rates.
肯尼亚,Kenya,MEISA_2,中东/印度次大陆/非洲区 第 2 组,"Middle East, Indian Subcontinent and Africa",17.4,17.4,1.8,需求附加费-2026.9.2生效.pdf,2026-09-02,OK,Matched from the verified demand-region mapping and the 2026-09-02 PDF first-page rates.
科威特,Kuwait,MEISA_1,中东/印度次大陆/非洲区 第 1 组,"Middle East, Indian Subcontinent and Africa",11.2,11.2,1.8,需求附加费-2026.9.2生效.pdf,2026-09-02,OK,Matched from the verified demand-region mapping and the 2026-09-02 PDF first-page rates.
吉尔吉斯斯坦,Kyrgyzstan,MEISA_1,中东/印度次大陆/非洲区 第 1 组,"Middle East, Indian Subcontinent and Africa",11.2,11.2,1.8,需求附加费-2026.9.2生效.pdf,2026-09-02,OK,Matched from the verified demand-region mapping and the 2026-09-02 PDF first-page rates.
老挝,Laos,ASIA,亚洲区,Asia,1.3,1.3,1.8,需求附加费-2026.9.2生效.pdf,2026-09-02,OK,Matched from the verified demand-region mapping and the 2026-09-02 PDF first-page rates.
拉脱维亚,Latvia,EUROPE,欧洲区,Europe,8.0,8.0,1.8,需求附加费-2026.9.2生效.pdf,2026-09-02,OK,Matched from the verified demand-region mapping and the 2026-09-02 PDF first-page rates.
黎巴嫩,Lebanon,MEISA_2,中东/印度次大陆/非洲区 第 2 组,"Middle East, Indian Subcontinent and Africa",17.4,17.4,1.8,需求附加费-2026.9.2生效.pdf,2026-09-02,OK,Matched from the verified demand-region mapping and the 2026-09-02 PDF first-page rates.
莱索托,Lesotho,MEISA_2,中东/印度次大陆/非洲区 第 2 组,"Middle East, Indian Subcontinent and Africa",17.4,17.4,1.8,需求附加费-2026.9.2生效.pdf,2026-09-02,OK,Matched from the verified demand-region mapping and the 2026-09-02 PDF first-page rates.
利比里亚,Liberia,MEISA_2,中东/印度次大陆/非洲区 第 2 组,"Middle East, Indian Subcontinent and Africa",17.4,17.4,1.8,需求附加费-2026.9.2生效.pdf,2026-09-02,OK,Matched from the verified demand-region mapping and the 2026-09-02 PDF first-page rates.
利比亚,Libya,MEISA_2,中东/印度次大陆/非洲区 第 2 组,"Middle East, Indian Subcontinent and Africa",17.4,17.4,1.8,需求附加费-2026.9.2生效.pdf,2026-09-02,OK,Matched from the verified demand-region mapping and the 2026-09-02 PDF first-page rates.
列支敦士登,Liechtenstein,EUROPE,欧洲区,Europe,8.0,8.0,1.8,需求附加费-2026.9.2生效.pdf,2026-09-02,OK,Matched from the verified demand-region mapping and the 2026-09-02 PDF first-page rates.
立陶宛,Lithuania,EUROPE,欧洲区,Europe,8.0,8.0,1.8,需求附加费-2026.9.2生效.pdf,2026-09-02,OK,Matched from the verified demand-region mapping and the 2026-09-02 PDF first-page rates.
卢森堡,Luxembourg,EUROPE,欧洲区,Europe,8.0,8.0,1.8,需求附加费-2026.9.2生效.pdf,2026-09-02,OK,Matched from the verified demand-region mapping and the 2026-09-02 PDF first-page rates.
中国澳门特别行政区,"Macau SAR, China",ASIA,亚洲区,Asia,1.3,1.3,1.8,需求附加费-2026.9.2生效.pdf,2026-09-02,OK,Matched from the verified demand-region mapping and the 2026-09-02 PDF first-page rates.
马其顿,Macedonia,EUROPE,欧洲区,Europe,8.0,8.0,1.8,需求附加费-2026.9.2生效.pdf,2026-09-02,OK,Matched from the verified demand-region mapping and the 2026-09-02 PDF first-page rates.
马达加斯加,Madagascar,MEISA_2,中东/印度次大陆/非洲区 第 2 组,"Middle East, Indian Subcontinent and Africa",17.4,17.4,1.8,需求附加费-2026.9.2生效.pdf,2026-09-02,OK,Matched from the verified demand-region mapping and the 2026-09-02 PDF first-page rates.
马拉维,Malawi,MEISA_2,中东/印度次大陆/非洲区 第 2 组,"Middle East, Indian Subcontinent and Africa",17.4,17.4,1.8,需求附加费-2026.9.2生效.pdf,2026-09-02,OK,Matched from the verified demand-region mapping and the 2026-09-02 PDF first-page rates.
马来西亚,Malaysia,MALAYSIA,马来西亚,Malaysia,1.3,1.3,1.8,需求附加费-2026.9.2生效.pdf,2026-09-02,OK,Matched from the verified demand-region mapping and the 2026-09-02 PDF first-page rates.
马尔代夫,Maldives,MEISA_1,中东/印度次大陆/非洲区 第 1 组,"Middle East, Indian Subcontinent and Africa",11.2,11.2,1.8,需求附加费-2026.9.2生效.pdf,2026-09-02,OK,Matched from the verified demand-region mapping and the 2026-09-02 PDF first-page rates.
马里,Mali,MEISA_2,中东/印度次大陆/非洲区 第 2 组,"Middle East, Indian Subcontinent and Africa",17.4,17.4,1.8,需求附加费-2026.9.2生效.pdf,2026-09-02,OK,Matched from the verified demand-region mapping and the 2026-09-02 PDF first-page rates.
马耳他,Malta,EUROPE,欧洲区,Europe,8.0,8.0,1.8,需求附加费-2026.9.2生效.pdf,2026-09-02,OK,Matched from the verified demand-region mapping and the 2026-09-02 PDF first-page rates.
马绍尔群岛,Marshall Islands,ASIA,亚洲区,Asia,1.3,1.3,1.8,需求附加费-2026.9.2生效.pdf,2026-09-02,OK,Matched from the verified demand-region mapping and the 2026-09-02 PDF first-page rates.
马提尼克,Martinique,LAC,拉丁美洲区,Latin America,5.4,4.0,1.8,需求附加费-2026.9.2生效.pdf,2026-09-02,OK,Matched from the verified demand-region mapping and the 2026-09-02 PDF first-page rates.
毛里塔尼亚,Mauritania,MEISA_2,中东/印度次大陆/非洲区 第 2 组,"Middle East, Indian Subcontinent and Africa",17.4,17.4,1.8,需求附加费-2026.9.2生效.pdf,2026-09-02,OK,Matched from the verified demand-region mapping and the 2026-09-02 PDF first-page rates.
毛里求斯,Mauritius,MEISA_2,中东/印度次大陆/非洲区 第 2 组,"Middle East, Indian Subcontinent and Africa",17.4,17.4,1.8,需求附加费-2026.9.2生效.pdf,2026-09-02,OK,Matched from the verified demand-region mapping and the 2026-09-02 PDF first-page rates.
墨西哥,Mexico,MEXICO,墨西哥,Mexico,5.4,4.0,1.8,需求附加费-2026.9.2生效.pdf,2026-09-02,OK,Matched from the verified demand-region mapping and the 2026-09-02 PDF first-page rates.
密克罗尼西亚,Micronesia,ASIA,亚洲区,Asia,1.3,1.3,1.8,需求附加费-2026.9.2生效.pdf,2026-09-02,OK,Matched from the verified demand-region mapping and the 2026-09-02 PDF first-page rates.
摩纳哥,Monaco,EUROPE,欧洲区,Europe,8.0,8.0,1.8,需求附加费-2026.9.2生效.pdf,2026-09-02,OK,Matched from the verified demand-region mapping and the 2026-09-02 PDF first-page rates.
蒙古,Mongolia,ASIA,亚洲区,Asia,1.3,1.3,1.8,需求附加费-2026.9.2生效.pdf,2026-09-02,OK,Matched from the verified demand-region mapping and the 2026-09-02 PDF first-page rates.
Monserrat,Monserrat,LAC,拉丁美洲区,Latin America,5.4,4.0,1.8,需求附加费-2026.9.2生效.pdf,2026-09-02,OK,Matched from the verified demand-region mapping and the 2026-09-02 PDF first-page rates.
Montenegro,Montenegro,EUROPE,欧洲区,Europe,8.0,8.0,1.8,需求附加费-2026.9.2生效.pdf,2026-09-02,OK,Matched from the verified demand-region mapping and the 2026-09-02 PDF first-page rates.
摩洛哥,Morocco,MEISA_2,中东/印度次大陆/非洲区 第 2 组,"Middle East, Indian Subcontinent and Africa",17.4,17.4,1.8,需求附加费-2026.9.2生效.pdf,2026-09-02,OK,Matched from the verified demand-region mapping and the 2026-09-02 PDF first-page rates.
莫桑比克,Mozambique,MEISA_2,中东/印度次大陆/非洲区 第 2 组,"Middle East, Indian Subcontinent and Africa",17.4,17.4,1.8,需求附加费-2026.9.2生效.pdf,2026-09-02,OK,Matched from the verified demand-region mapping and the 2026-09-02 PDF first-page rates.
纳米比亚,Namibia,MEISA_2,中东/印度次大陆/非洲区 第 2 组,"Middle East, Indian Subcontinent and Africa",17.4,17.4,1.8,需求附加费-2026.9.2生效.pdf,2026-09-02,OK,Matched from the verified demand-region mapping and the 2026-09-02 PDF first-page rates.
尼泊尔,Nepal,MEISA_1,中东/印度次大陆/非洲区 第 1 组,"Middle East, Indian Subcontinent and Africa",11.2,11.2,1.8,需求附加费-2026.9.2生效.pdf,2026-09-02,OK,Matched from the verified demand-region mapping and the 2026-09-02 PDF first-page rates.
荷兰,Netherlands,EUROPE,欧洲区,Europe,8.0,8.0,1.8,需求附加费-2026.9.2生效.pdf,2026-09-02,OK,Matched from the verified demand-region mapping and the 2026-09-02 PDF first-page rates.
Netherlands Antilles,Netherlands Antilles,Need Review,Need Review,Need Review,,,1.8,需求附加费-2026.9.2生效.pdf,2026-09-02,Need Review,No exact match in the verified demand-region mapping; do not guess.
新喀里多尼亚,New Caledonia,ASIA,亚洲区,Asia,1.3,1.3,1.8,需求附加费-2026.9.2生效.pdf,2026-09-02,OK,Matched from the verified demand-region mapping and the 2026-09-02 PDF first-page rates.
新西兰,New Zealand,AUNZ,澳大利亚、新西兰,Australia and New Zealand,2.1,2.1,1.8,需求附加费-2026.9.2生效.pdf,2026-09-02,OK,Matched from the verified demand-region mapping and the 2026-09-02 PDF first-page rates.
尼加拉瓜,Nicaragua,LAC,拉丁美洲区,Latin America,5.4,4.0,1.8,需求附加费-2026.9.2生效.pdf,2026-09-02,OK,Matched from the verified demand-region mapping and the 2026-09-02 PDF first-page rates.
尼日尔,Niger,MEISA_2,中东/印度次大陆/非洲区 第 2 组,"Middle East, Indian Subcontinent and Africa",17.4,17.4,1.8,需求附加费-2026.9.2生效.pdf,2026-09-02,OK,Matched from the verified demand-region mapping and the 2026-09-02 PDF first-page rates.
尼日利亚,Nigeria,MEISA_2,中东/印度次大陆/非洲区 第 2 组,"Middle East, Indian Subcontinent and Africa",17.4,17.4,1.8,需求附加费-2026.9.2生效.pdf,2026-09-02,OK,Matched from the verified demand-region mapping and the 2026-09-02 PDF first-page rates.
北马利安群岛,Northern Mariana Islands,ASIA,亚洲区,Asia,1.3,1.3,1.8,需求附加费-2026.9.2生效.pdf,2026-09-02,OK,Matched from the verified demand-region mapping and the 2026-09-02 PDF first-page rates.
挪威,Norway,EUROPE,欧洲区,Europe,8.0,8.0,1.8,需求附加费-2026.9.2生效.pdf,2026-09-02,OK,Matched from the verified demand-region mapping and the 2026-09-02 PDF first-page rates.
阿曼,Oman,MEISA_1,中东/印度次大陆/非洲区 第 1 组,"Middle East, Indian Subcontinent and Africa",11.2,11.2,1.8,需求附加费-2026.9.2生效.pdf,2026-09-02,OK,Matched from the verified demand-region mapping and the 2026-09-02 PDF first-page rates.
巴基斯坦,Pakistan,MEISA_2,中东/印度次大陆/非洲区 第 2 组,"Middle East, Indian Subcontinent and Africa",17.4,17.4,1.8,需求附加费-2026.9.2生效.pdf,2026-09-02,OK,Matched from the verified demand-region mapping and the 2026-09-02 PDF first-page rates.
帕劳,Palau,ASIA,亚洲区,Asia,1.3,1.3,1.8,需求附加费-2026.9.2生效.pdf,2026-09-02,OK,Matched from the verified demand-region mapping and the 2026-09-02 PDF first-page rates.
巴勒斯坦自治区,Palestine Autonomous,MEISA_1,中东/印度次大陆/非洲区 第 1 组,"Middle East, Indian Subcontinent and Africa",11.2,11.2,1.8,需求附加费-2026.9.2生效.pdf,2026-09-02,OK,Matched from the verified demand-region mapping and the 2026-09-02 PDF first-page rates.
巴拿马,Panama,LAC,拉丁美洲区,Latin America,5.4,4.0,1.8,需求附加费-2026.9.2生效.pdf,2026-09-02,OK,Matched from the verified demand-region mapping and the 2026-09-02 PDF first-page rates.
巴布亚新几内亚,Papua New Guinea,ASIA,亚洲区,Asia,1.3,1.3,1.8,需求附加费-2026.9.2生效.pdf,2026-09-02,OK,Matched from the verified demand-region mapping and the 2026-09-02 PDF first-page rates.
巴拉圭,Paraguay,LAC,拉丁美洲区,Latin America,5.4,4.0,1.8,需求附加费-2026.9.2生效.pdf,2026-09-02,OK,Matched from the verified demand-region mapping and the 2026-09-02 PDF first-page rates.
秘鲁,Peru,LAC,拉丁美洲区,Latin America,5.4,4.0,1.8,需求附加费-2026.9.2生效.pdf,2026-09-02,OK,Matched from the verified demand-region mapping and the 2026-09-02 PDF first-page rates.
Phillipines,Phillipines,ASIA,亚洲区,Asia,1.3,1.3,1.8,需求附加费-2026.9.2生效.pdf,2026-09-02,OK,Matched from the verified demand-region mapping and the 2026-09-02 PDF first-page rates.
波兰,Poland,EUROPE,欧洲区,Europe,8.0,8.0,1.8,需求附加费-2026.9.2生效.pdf,2026-09-02,OK,Matched from the verified demand-region mapping and the 2026-09-02 PDF first-page rates.
葡萄牙,Portugal,EUROPE,欧洲区,Europe,8.0,8.0,1.8,需求附加费-2026.9.2生效.pdf,2026-09-02,OK,Matched from the verified demand-region mapping and the 2026-09-02 PDF first-page rates.
波多黎各,Puerto Rico,US_PR,美国和波多黎各,United States of America and Puerto Rico,5.4,4.0,1.8,需求附加费-2026.9.2生效.pdf,2026-09-02,OK,Matched from the verified demand-region mapping and the 2026-09-02 PDF first-page rates.
卡塔尔,Qatar,MEISA_2,中东/印度次大陆/非洲区 第 2 组,"Middle East, Indian Subcontinent and Africa",17.4,17.4,1.8,需求附加费-2026.9.2生效.pdf,2026-09-02,OK,Matched from the verified demand-region mapping and the 2026-09-02 PDF first-page rates.
Republic of Moldova,Republic of Moldova,EUROPE,欧洲区,Europe,8.0,8.0,1.8,需求附加费-2026.9.2生效.pdf,2026-09-02,OK,Matched from the verified demand-region mapping and the 2026-09-02 PDF first-page rates.
罗马尼亚,Romania,EUROPE,欧洲区,Europe,8.0,8.0,1.8,需求附加费-2026.9.2生效.pdf,2026-09-02,OK,Matched from the verified demand-region mapping and the 2026-09-02 PDF first-page rates.
Russian Federation,Russian Federation,EUROPE,欧洲区,Europe,8.0,8.0,1.8,需求附加费-2026.9.2生效.pdf,2026-09-02,OK,Matched from the verified demand-region mapping and the 2026-09-02 PDF first-page rates.
卢旺达,Rwanda,MEISA_2,中东/印度次大陆/非洲区 第 2 组,"Middle East, Indian Subcontinent and Africa",17.4,17.4,1.8,需求附加费-2026.9.2生效.pdf,2026-09-02,OK,Matched from the verified demand-region mapping and the 2026-09-02 PDF first-page rates.
Réunion,Réunion,MEISA_2,中东/印度次大陆/非洲区 第 2 组,"Middle East, Indian Subcontinent and Africa",17.4,17.4,1.8,需求附加费-2026.9.2生效.pdf,2026-09-02,OK,Matched from the verified demand-region mapping and the 2026-09-02 PDF first-page rates.
圣路西亚岛,Saint Lucia,LAC,拉丁美洲区,Latin America,5.4,4.0,1.8,需求附加费-2026.9.2生效.pdf,2026-09-02,OK,Matched from the verified demand-region mapping and the 2026-09-02 PDF first-page rates.
萨摩亚,Samoa,ASIA,亚洲区,Asia,1.3,1.3,1.8,需求附加费-2026.9.2生效.pdf,2026-09-02,OK,Matched from the verified demand-region mapping and the 2026-09-02 PDF first-page rates.
沙特阿拉伯,Saudi Arabia,MEISA_1,中东/印度次大陆/非洲区 第 1 组,"Middle East, Indian Subcontinent and Africa",11.2,11.2,1.8,需求附加费-2026.9.2生效.pdf,2026-09-02,OK,Matched from the verified demand-region mapping and the 2026-09-02 PDF first-page rates.
塞内加尔,Senegal,MEISA_2,中东/印度次大陆/非洲区 第 2 组,"Middle East, Indian Subcontinent and Africa",17.4,17.4,1.8,需求附加费-2026.9.2生效.pdf,2026-09-02,OK,Matched from the verified demand-region mapping and the 2026-09-02 PDF first-page rates.
塞尔维亚,Serbia,EUROPE,欧洲区,Europe,8.0,8.0,1.8,需求附加费-2026.9.2生效.pdf,2026-09-02,OK,Matched from the verified demand-region mapping and the 2026-09-02 PDF first-page rates.
塞舌尔,Seychelles,MEISA_2,中东/印度次大陆/非洲区 第 2 组,"Middle East, Indian Subcontinent and Africa",17.4,17.4,1.8,需求附加费-2026.9.2生效.pdf,2026-09-02,OK,Matched from the verified demand-region mapping and the 2026-09-02 PDF first-page rates.
新加坡,Singapore,ASIA,亚洲区,Asia,1.3,1.3,1.8,需求附加费-2026.9.2生效.pdf,2026-09-02,OK,Matched from the verified demand-region mapping and the 2026-09-02 PDF first-page rates.
斯洛伐克,Slovakia,EUROPE,欧洲区,Europe,8.0,8.0,1.8,需求附加费-2026.9.2生效.pdf,2026-09-02,OK,Matched from the verified demand-region mapping and the 2026-09-02 PDF first-page rates.
斯洛文尼亚,Slovenia,EUROPE,欧洲区,Europe,8.0,8.0,1.8,需求附加费-2026.9.2生效.pdf,2026-09-02,OK,Matched from the verified demand-region mapping and the 2026-09-02 PDF first-page rates.
南非,South Africa,MEISA_2,中东/印度次大陆/非洲区 第 2 组,"Middle East, Indian Subcontinent and Africa",17.4,17.4,1.8,需求附加费-2026.9.2生效.pdf,2026-09-02,OK,Matched from the verified demand-region mapping and the 2026-09-02 PDF first-page rates.
韩国,South Korea,ASIA,亚洲区,Asia,1.3,1.3,1.8,需求附加费-2026.9.2生效.pdf,2026-09-02,OK,Matched from the verified demand-region mapping and the 2026-09-02 PDF first-page rates.
西班牙,Spain,EUROPE,欧洲区,Europe,8.0,8.0,1.8,需求附加费-2026.9.2生效.pdf,2026-09-02,OK,Matched from the verified demand-region mapping and the 2026-09-02 PDF first-page rates.
斯里兰卡,Sri Lanka,MEISA_1,中东/印度次大陆/非洲区 第 1 组,"Middle East, Indian Subcontinent and Africa",11.2,11.2,1.8,需求附加费-2026.9.2生效.pdf,2026-09-02,OK,Matched from the verified demand-region mapping and the 2026-09-02 PDF first-page rates.
St. Kitts and Nevis,St. Kitts and Nevis,LAC,拉丁美洲区,Latin America,5.4,4.0,1.8,需求附加费-2026.9.2生效.pdf,2026-09-02,OK,Matched from the verified demand-region mapping and the 2026-09-02 PDF first-page rates.
荷属圣马丁,St. Maarten,LAC,拉丁美洲区,Latin America,5.4,4.0,1.8,需求附加费-2026.9.2生效.pdf,2026-09-02,OK,Matched from the verified demand-region mapping and the 2026-09-02 PDF first-page rates.
法属圣马丁,St. Martin,LAC,拉丁美洲区,Latin America,5.4,4.0,1.8,需求附加费-2026.9.2生效.pdf,2026-09-02,OK,Matched from the verified demand-region mapping and the 2026-09-02 PDF first-page rates.
圣文森特岛和格林纳丁斯,St. Vincent & the Grenadines,LAC,拉丁美洲区,Latin America,5.4,4.0,1.8,需求附加费-2026.9.2生效.pdf,2026-09-02,OK,Matched from the verified demand-region mapping and the 2026-09-02 PDF first-page rates.
苏里南,Suriname,LAC,拉丁美洲区,Latin America,5.4,4.0,1.8,需求附加费-2026.9.2生效.pdf,2026-09-02,OK,Matched from the verified demand-region mapping and the 2026-09-02 PDF first-page rates.
斯威士兰,Swaziland,MEISA_2,中东/印度次大陆/非洲区 第 2 组,"Middle East, Indian Subcontinent and Africa",17.4,17.4,1.8,需求附加费-2026.9.2生效.pdf,2026-09-02,OK,Matched from the verified demand-region mapping and the 2026-09-02 PDF first-page rates.
瑞典,Sweden,EUROPE,欧洲区,Europe,8.0,8.0,1.8,需求附加费-2026.9.2生效.pdf,2026-09-02,OK,Matched from the verified demand-region mapping and the 2026-09-02 PDF first-page rates.
瑞士,Switzerland,EUROPE,欧洲区,Europe,8.0,8.0,1.8,需求附加费-2026.9.2生效.pdf,2026-09-02,OK,Matched from the verified demand-region mapping and the 2026-09-02 PDF first-page rates.
叙利亚,Syrian Arab Republic,Need Review,Need Review,Need Review,,,1.8,需求附加费-2026.9.2生效.pdf,2026-09-02,Need Review,No exact match in the verified demand-region mapping; do not guess.
中国台湾,"Taiwan, China",ASIA,亚洲区,Asia,1.3,1.3,1.8,需求附加费-2026.9.2生效.pdf,2026-09-02,OK,Matched from the verified demand-region mapping and the 2026-09-02 PDF first-page rates.
泰国,Thailand,ASIA,亚洲区,Asia,1.3,1.3,1.8,需求附加费-2026.9.2生效.pdf,2026-09-02,OK,Matched from the verified demand-region mapping and the 2026-09-02 PDF first-page rates.
多哥,Togo,MEISA_2,中东/印度次大陆/非洲区 第 2 组,"Middle East, Indian Subcontinent and Africa",17.4,17.4,1.8,需求附加费-2026.9.2生效.pdf,2026-09-02,OK,Matched from the verified demand-region mapping and the 2026-09-02 PDF first-page rates.
Tonga,Tonga,ASIA,亚洲区,Asia,1.3,1.3,1.8,需求附加费-2026.9.2生效.pdf,2026-09-02,OK,Matched from the verified demand-region mapping and the 2026-09-02 PDF first-page rates.
特立尼达和多巴哥,Trinidad & Tobago,LAC,拉丁美洲区,Latin America,5.4,4.0,1.8,需求附加费-2026.9.2生效.pdf,2026-09-02,OK,Matched from the verified demand-region mapping and the 2026-09-02 PDF first-page rates.
突尼斯,Tunisia,MEISA_2,中东/印度次大陆/非洲区 第 2 组,"Middle East, Indian Subcontinent and Africa",17.4,17.4,1.8,需求附加费-2026.9.2生效.pdf,2026-09-02,OK,Matched from the verified demand-region mapping and the 2026-09-02 PDF first-page rates.
土耳其,Turkey,EUROPE,欧洲区,Europe,8.0,8.0,1.8,需求附加费-2026.9.2生效.pdf,2026-09-02,OK,Matched from the verified demand-region mapping and the 2026-09-02 PDF first-page rates.
特克斯和凯克斯群岛,Turks & Caicos Islands,LAC,拉丁美洲区,Latin America,5.4,4.0,1.8,需求附加费-2026.9.2生效.pdf,2026-09-02,OK,Matched from the verified demand-region mapping and the 2026-09-02 PDF first-page rates.
科罗拉多 80000-81699,Colorado 80000-81699,US_PR,美国和波多黎各,United States of America and Puerto Rico,5.4,4.0,1.8,需求附加费-2026.9.2生效.pdf,2026-09-02,OK,Matched from the verified demand-region mapping and the 2026-09-02 PDF first-page rates.
爱达荷州 83200-83999,Idaho 83200-83999,US_PR,美国和波多黎各,United States of America and Puerto Rico,5.4,4.0,1.8,需求附加费-2026.9.2生效.pdf,2026-09-02,OK,Matched from the verified demand-region mapping and the 2026-09-02 PDF first-page rates.
犹他州 84000-84799,Utah 84000-84799,US_PR,美国和波多黎各,United States of America and Puerto Rico,5.4,4.0,1.8,需求附加费-2026.9.2生效.pdf,2026-09-02,OK,Matched from the verified demand-region mapping and the 2026-09-02 PDF first-page rates.
亚利桑那州 85000-86599,Arizona 85000-86599,US_PR,美国和波多黎各,United States of America and Puerto Rico,5.4,4.0,1.8,需求附加费-2026.9.2生效.pdf,2026-09-02,OK,Matched from the verified demand-region mapping and the 2026-09-02 PDF first-page rates.
内华达州 89000-89899,Nevada 89000-89899,US_PR,美国和波多黎各,United States of America and Puerto Rico,5.4,4.0,1.8,需求附加费-2026.9.2生效.pdf,2026-09-02,OK,Matched from the verified demand-region mapping and the 2026-09-02 PDF first-page rates.
加利福尼亚州 90000-96699,California 90000-96699,US_PR,美国和波多黎各,United States of America and Puerto Rico,5.4,4.0,1.8,需求附加费-2026.9.2生效.pdf,2026-09-02,OK,Matched from the verified demand-region mapping and the 2026-09-02 PDF first-page rates.
俄勒冈州 97000-97999,Oregon 97000-97999,US_PR,美国和波多黎各,United States of America and Puerto Rico,5.4,4.0,1.8,需求附加费-2026.9.2生效.pdf,2026-09-02,OK,Matched from the verified demand-region mapping and the 2026-09-02 PDF first-page rates.
华盛顿州 98000-99499,Washington 98000-99499,US_PR,美国和波多黎各,United States of America and Puerto Rico,5.4,4.0,1.8,需求附加费-2026.9.2生效.pdf,2026-09-02,OK,Matched from the verified demand-region mapping and the 2026-09-02 PDF first-page rates.
美属维尔京群岛,U.S. Virgin Islands,LAC,拉丁美洲区,Latin America,5.4,4.0,1.8,需求附加费-2026.9.2生效.pdf,2026-09-02,OK,Matched from the verified demand-region mapping and the 2026-09-02 PDF first-page rates.
美国其他地区,,US_PR,美国和波多黎各,United States of America and Puerto Rico,5.4,4.0,1.8,需求附加费-2026.9.2生效.pdf,2026-09-02,OK,Matched from the verified demand-region mapping and the 2026-09-02 PDF first-page rates.
乌干达,Uganda,MEISA_2,中东/印度次大陆/非洲区 第 2 组,"Middle East, Indian Subcontinent and Africa",17.4,17.4,1.8,需求附加费-2026.9.2生效.pdf,2026-09-02,OK,Matched from the verified demand-region mapping and the 2026-09-02 PDF first-page rates.
乌克兰,Ukraine,EUROPE,欧洲区,Europe,8.0,8.0,1.8,需求附加费-2026.9.2生效.pdf,2026-09-02,OK,Matched from the verified demand-region mapping and the 2026-09-02 PDF first-page rates.
阿拉伯联合酋长国,United Arab Emirates,MEISA_1,中东/印度次大陆/非洲区 第 1 组,"Middle East, Indian Subcontinent and Africa",11.2,11.2,1.8,需求附加费-2026.9.2生效.pdf,2026-09-02,OK,Matched from the verified demand-region mapping and the 2026-09-02 PDF first-page rates.
United Kingdom (Great Britain),United Kingdom (Great Britain),EUROPE,欧洲区,Europe,8.0,8.0,1.8,需求附加费-2026.9.2生效.pdf,2026-09-02,OK,Matched from the verified demand-region mapping and the 2026-09-02 PDF first-page rates.
坦桑尼亚,United Republic of Tanzania,MEISA_2,中东/印度次大陆/非洲区 第 2 组,"Middle East, Indian Subcontinent and Africa",17.4,17.4,1.8,需求附加费-2026.9.2生效.pdf,2026-09-02,OK,Matched from the verified demand-region mapping and the 2026-09-02 PDF first-page rates.
乌拉圭,Uruguay,LAC,拉丁美洲区,Latin America,5.4,4.0,1.8,需求附加费-2026.9.2生效.pdf,2026-09-02,OK,Matched from the verified demand-region mapping and the 2026-09-02 PDF first-page rates.
Uzbekistan,Uzbekistan,MEISA_1,中东/印度次大陆/非洲区 第 1 组,"Middle East, Indian Subcontinent and Africa",11.2,11.2,1.8,需求附加费-2026.9.2生效.pdf,2026-09-02,OK,Matched from the verified demand-region mapping and the 2026-09-02 PDF first-page rates.
瓦努阿图,Vanuatu,ASIA,亚洲区,Asia,1.3,1.3,1.8,需求附加费-2026.9.2生效.pdf,2026-09-02,OK,Matched from the verified demand-region mapping and the 2026-09-02 PDF first-page rates.
委内瑞拉,Venezuela,LAC,拉丁美洲区,Latin America,5.4,4.0,1.8,需求附加费-2026.9.2生效.pdf,2026-09-02,OK,Matched from the verified demand-region mapping and the 2026-09-02 PDF first-page rates.
越南,Vietnam,VIETNAM,越南,Vietnam,0.0,0.0,1.8,需求附加费-2026.9.2生效.pdf,2026-09-02,OK,Matched from the verified demand-region mapping and the 2026-09-02 PDF first-page rates.
瓦利斯群岛和富图那群岛,Wallis & Futuna,ASIA,亚洲区,Asia,1.3,1.3,1.8,需求附加费-2026.9.2生效.pdf,2026-09-02,OK,Matched from the verified demand-region mapping and the 2026-09-02 PDF first-page rates.
也门,Yemen,Need Review,Need Review,Need Review,,,1.8,需求附加费-2026.9.2生效.pdf,2026-09-02,Need Review,No exact match in the verified demand-region mapping; do not guess.
赞比亚,Zambia,MEISA_2,中东/印度次大陆/非洲区 第 2 组,"Middle East, Indian Subcontinent and Africa",17.4,17.4,1.8,需求附加费-2026.9.2生效.pdf,2026-09-02,OK,Matched from the verified demand-region mapping and the 2026-09-02 PDF first-page rates.
津巴布韦,Zimbabwe,MEISA_2,中东/印度次大陆/非洲区 第 2 组,"Middle East, Indian Subcontinent and Africa",17.4,17.4,1.8,需求附加费-2026.9.2生效.pdf,2026-09-02,OK,Matched from the verified demand-region mapping and the 2026-09-02 PDF first-page rates.
美国西部,U.S. (Western Region),US_PR,美国和波多黎各,United States of America and Puerto Rico,5.4,4.0,1.8,需求附加费-2026.9.2生效.pdf,2026-09-02,OK,Matched from the verified demand-region mapping and the 2026-09-02 PDF first-page rates.
