demand_region_code,demand_region_cn,demand_region_en,priority_rate_cny_per_kg,economy_rate_cny_per_kg,minimum_cny_per_shipment,source,source_url,effective_date,notes
AUNZ,澳大利亚、斐济、新西兰,"Australia, Fiji and New Zealand",3.5,3.5,1.8,FEDEX旺季附加费-2026.9.21日起生效.pdf,,2026-09-21,Export shipments from Chinese Mainland only.
GUAM_JAPAN,关岛、日本,Guam and Japan,2.1,2.1,1.8,FEDEX旺季附加费-2026.9.21日起生效.pdf,,2026-09-21,Export shipments from Chinese Mainland only.
MALAYSIA,马来西亚,Malaysia,1.3,1.3,1.8,FEDEX旺季附加费-2026.9.21日起生效.pdf,,2026-09-21,Export shipments from Chinese Mainland only.
VIETNAM,越南,Vietnam,0.0,0.0,1.8,FEDEX旺季附加费-2026.9.21日起生效.pdf,,2026-09-21,Export shipments from Chinese Mainland only.
ASIA,亚洲区,Asia,1.3,1.3,1.8,FEDEX旺季附加费-2026.9.21日起生效.pdf,,2026-09-21,"Asia region from the verified country mapping, excluding destinations listed separately in the 2026-09-21 PDF."
US_PR,美国和波多黎各,United States of America and Puerto Rico,13.9,8.4,1.8,FEDEX旺季附加费-2026.9.21日起生效.pdf,,2026-09-21,Export shipments from Chinese Mainland only.
CANADA,加拿大,Canada,13.9,8.4,1.8,FEDEX旺季附加费-2026.9.21日起生效.pdf,,2026-09-21,Export shipments from Chinese Mainland only.
ISRAEL,以色列,Israel,12.5,12.5,1.8,FEDEX旺季附加费-2026.9.21日起生效.pdf,,2026-09-21,Export shipments from Chinese Mainland only.
EUROPE,欧洲区,Europe,12.5,12.5,1.8,FEDEX旺季附加费-2026.9.21日起生效.pdf,,2026-09-21,Region footnote 2 carried forward and rate-checked against the 2026-09-21 PDF first page.
INDIA,印度,India,0.8,0.8,1.8,FEDEX旺季附加费-2026.9.21日起生效.pdf,,2026-09-21,Export shipments from Chinese Mainland only.
MEISA_1,中东/印度次大陆/非洲区 第 1 组,"Middle East, Indian Subcontinent and Africa",11.2,11.2,1.8,FEDEX旺季附加费-2026.9.21日起生效.pdf,,2026-09-21,Region footnote 3 group 1 carried forward and rate-checked against the 2026-09-21 PDF first page.
MEISA_2,中东/印度次大陆/非洲区 第 2 组,"Middle East, Indian Subcontinent and Africa",17.4,17.4,1.8,FEDEX旺季附加费-2026.9.21日起生效.pdf,,2026-09-21,Region footnote 3 group 2 carried forward and rate-checked against the 2026-09-21 PDF first page.
MEXICO,墨西哥,Mexico,13.9,8.4,1.8,FEDEX旺季附加费-2026.9.21日起生效.pdf,,2026-09-21,Export shipments from Chinese Mainland only.
LAC,拉丁美洲和加勒比地区,Latin America and the Caribbean,13.9,8.4,1.8,FEDEX旺季附加费-2026.9.21日起生效.pdf,,2026-09-21,Region footnote 4 carried forward and rate-checked against the 2026-09-21 PDF first page.
